{"cameraMode":{"drawMode":0,"name":"Shaded","section":"Shading Mode"},"sceneLighting":true,"audioPlay":false,"sceneViewState":{"m_AlwaysRefresh":false,"showFog":true,"showSkybox":true,"showFlares":true,"showImageEffects":true,"showParticleSystems":true,"showVisualEffectGraphs":true,"m_FxEnabled":true},"in2DMode":false,"pivot":{"x":670.6359252929688,"y":385.19219970703127,"z":-0.9324951171875},"rotation":{"x":0.007816911675035954,"y":-0.01619402877986431,"z":0.00009430472709937021,"w":0.9998469352722168},"size":465.4224548339844,"orthographic":false}